{
    "ingredients": [
        {
            "count": 8,
            "id": "minecraft:chorus_fruit"
        },
        {
            "count": 1,
            "id": "minecraft:magma_cream"
        }
    ],
    "result": {
        "count": 1,
        "id": "minecraft:player_head",
        "components": {
            "minecraft:custom_data": {
                "id": "ancient_archive:chorus_mixture"
            },
            "minecraft:item_name": {
                "text": "Chorus Mixture"
            },
            "minecraft:profile": {
                "id": [
                    -1418112175,
                    -693613766,
                    -1158301405,
                    -451740820
                ],
                "properties": [
                    {
                        "name": "textures",
                        "value": "eyJ0ZXh0dXJlcyI6eyJTS0lOIjp7InVybCI6Imh0dHA6Ly90ZXh0dXJlcy5taW5lY3JhZnQubmV0L3RleHR1cmUvZjcyYWM2YTM0YWU1NWRhNjk2MGI4ZWRmZDAzYmJiNTliOTY5ZTkxZjVmMWJlOTRmMDVlZTFlZDU5YjEwZjBlOSJ9fX0="
                    }
                ]
            },
            "minecraft:rarity": "common"
        }
    }
}