{
    "ingredients": [
        {
            "count": 2,
            "id": "minecraft:stick"
        },
        {
            "count": 1,
            "id": "minecraft:stick",
            "components": {
                "minecraft:custom_data": {
                    "id": "ancient_archive:silver_ingot"
                },
                "minecraft:item_model": "minecraft:iron_ingot",
                "minecraft:item_name": {
                    "text": "Silver Ingot"
                },
                "minecraft:rarity": "common"
            }
        },
        {
            "count": 6,
            "id": "minecraft:spider_eye",
            "components": {
                "minecraft:custom_data": {
                    "id": "ancient_archive:bat_wing"
                },
                "minecraft:item_model": "minecraft:black_dye",
                "minecraft:item_name": {
                    "text": "Bat Wing"
                },
                "minecraft:rarity": "common"
            }
        },
        {
            "count": 1,
            "id": "minecraft:player_head",
            "components": {
                "minecraft:custom_data": {
                    "id": "ancient_archive:purple_gemstone"
                },
                "minecraft:item_name": {
                    "text": "Purple Gemstone"
                },
                "minecraft:profile": {
                    "id": [
                        1022579689,
                        -941801424,
                        -2115618951,
                        637737238
                    ],
                    "properties": [
                        {
                            "name": "textures",
                            "value": "eyJ0ZXh0dXJlcyI6eyJTS0lOIjp7InVybCI6Imh0dHA6Ly90ZXh0dXJlcy5taW5lY3JhZnQubmV0L3RleHR1cmUvZDg4NmUwZjQxMTg1YjE4YTNhZmQ4OTQ4OGQyZWU0Y2FhMDczNTAwOTI0N2NjY2YwMzljZWQ2YWVkNzUyZmYxYSJ9fX0="
                        }
                    ]
                },
                "minecraft:rarity": "uncommon"
            }
        }
    ],
    "result": {
        "count": 1,
        "id": "minecraft:stick",
        "components": {
            "minecraft:custom_data": {
                "id": "magician_staff:magician_staff",
                "modifiers": [
                    {
                        "attribute": "pentamana:mana_capacity",
                        "base": 6.0,
                        "operation": "add_value",
                        "slot": "mainhand"
                    }
                ]
            },
            "minecraft:enchantable": {
                "value": 15
            },
            "minecraft:item_model": "minecraft:netherite_shovel",
            "minecraft:item_name": {
                "text": "Magician Staff"
            },
            "minecraft:rarity": "rare"
        }
    }
}