{
    "ingredients": [
        {
            "count": 1,
            "id": "minecraft:player_head",
            "components": {
                "minecraft:custom_data": {
                    "id": "ancient_archive:red_gemstone"
                },
                "minecraft:item_name": {
                    "text": "Red Gemstone"
                },
                "minecraft:profile": {
                    "id": [
                        -1312110985,
                        -1917761512,
                        -1609324763,
                        -1377349956
                    ],
                    "properties": [
                        {
                            "name": "textures",
                            "value": "eyJ0ZXh0dXJlcyI6eyJTS0lOIjp7InVybCI6Imh0dHA6Ly90ZXh0dXJlcy5taW5lY3JhZnQubmV0L3RleHR1cmUvMzliNmUwNDdkM2IyYmNhODVlOGNjNDllNTQ4MGY5Nzc0ZDhhMGVhZmU2ZGZhOTU1OTUzMDU5MDI4MzcxNTE0MiJ9fX0="
                        }
                    ]
                },
                "minecraft:rarity": "uncommon"
            }
        },
        {
            "count": 1,
            "id": "minecraft:player_head",
            "components": {
                "minecraft:custom_data": {
                    "id": "ancient_archive:blue_gemstone"
                },
                "minecraft:item_name": {
                    "text": "Blue Gemstone"
                },
                "minecraft:profile": {
                    "id": [
                        714881365,
                        -2094249368,
                        -1472760808,
                        2095122542
                    ],
                    "properties": [
                        {
                            "name": "textures",
                            "value": "eyJ0ZXh0dXJlcyI6eyJTS0lOIjp7InVybCI6Imh0dHA6Ly90ZXh0dXJlcy5taW5lY3JhZnQubmV0L3RleHR1cmUvOGU5M2ViYWNiNjBiNzE3OTMzNTVmZGUwZDRiYmE0M2E5YzVlYzA5YzNmMzg4OTdjNDhjMWY4NTc1MjNhMGEyOSJ9fX0="
                        }
                    ]
                },
                "minecraft:rarity": "uncommon"
            }
        }
    ],
    "result": {
        "count": 1,
        "id": "minecraft:player_head",
        "components": {
            "minecraft:custom_data": {
                "id": "ancient_archive:purple_gemstone"
            },
            "minecraft:item_name": {
                "text": "Purple Gemstone"
            },
            "minecraft:profile": {
                "id": [
                    1022579689,
                    -941801424,
                    -2115618951,
                    637737238
                ],
                "properties": [
                    {
                        "name": "textures",
                        "value": "eyJ0ZXh0dXJlcyI6eyJTS0lOIjp7InVybCI6Imh0dHA6Ly90ZXh0dXJlcy5taW5lY3JhZnQubmV0L3RleHR1cmUvZDg4NmUwZjQxMTg1YjE4YTNhZmQ4OTQ4OGQyZWU0Y2FhMDczNTAwOTI0N2NjY2YwMzljZWQ2YWVkNzUyZmYxYSJ9fX0="
                    }
                ]
            },
            "minecraft:rarity": "uncommon"
        }
    }
}