{
  "type": "minecraft:fishing",
  "pools": [
    {
      "bonus_rolls": 0.0,
      "entries": [
        {
          "type": "minecraft:loot_table",
          "value": "minecraft:gameplay/fishing/treasure_junk"
        }
      ],
      "rolls": 1.0
    },
    {
      "bonus_rolls": 1.0,
      "entries": [
        {
          "type": "minecraft:item",
          "functions": [
            {
              "add": false,
              "count": {
                "type": "minecraft:uniform",
                "max": 10.0,
                "min": 2.0
              },
              "function": "minecraft:set_count"
            }
          ],
          "name": "minecraft:wheat_seeds",
          "weight": 1800.0
        },
        {
          "type": "minecraft:item",
          "functions": [
            {
              "add": false,
              "count": 8.0,
              "function": "minecraft:set_count"
            }
          ],
          "name": "minecraft:melon_seeds",
          "weight": 700.0
        },
        {
          "type": "minecraft:item",
          "functions": [
            {
              "add": false,
              "count": 8.0,
              "function": "minecraft:set_count"
            }
          ],
          "name": "minecraft:pumpkin_seeds",
          "weight": 700.0
        },
        {
          "type": "minecraft:item",
          "functions": [
            {
              "add": false,
              "count": 8.0,
              "function": "minecraft:set_count"
            }
          ],
          "name": "minecraft:beetroot_seeds",
          "weight": 700.0
        },
        {
          "type": "minecraft:item",
          "functions": [
            {
              "add": false,
              "count": 8.0,
              "function": "minecraft:set_count"
            }
          ],
          "name": "minecraft:carrot",
          "weight": 700.0
        },
        {
          "type": "minecraft:item",
          "functions": [
            {
              "add": false,
              "count": 8.0,
              "function": "minecraft:set_count"
            }
          ],
          "name": "minecraft:potato",
          "weight": 700.0
        },
        {
          "type": "minecraft:item",
          "functions": [
            {
              "add": false,
              "count": 1.0,
              "function": "minecraft:set_count"
            }
          ],
          "name": "minecraft:torchflower_seeds",
          "weight": 100.0
        },
        {
          "type": "minecraft:item",
          "functions": [
            {
              "add": false,
              "count": 1.0,
              "function": "minecraft:set_count"
            }
          ],
          "name": "minecraft:pitcher_pod",
          "weight": 100.0
        },
        {
          "type": "minecraft:item",
          "functions": [
            {
              "add": false,
              "count": {
                "type": "minecraft:uniform",
                "max": 24.0,
                "min": 1.0
              },
              "function": "minecraft:set_count"
            }
          ],
          "name": "minecraft:flint",
          "weight": 400.0
        },
        {
          "type": "minecraft:item",
          "functions": [
            {
              "add": false,
              "count": {
                "type": "minecraft:uniform",
                "max": 24.0,
                "min": 1.0
              },
              "function": "minecraft:set_count"
            }
          ],
          "name": "minecraft:coal",
          "weight": 2700.0
        },
        {
          "type": "minecraft:item",
          "functions": [
            {
              "add": false,
              "count": {
                "type": "minecraft:uniform",
                "max": 24.0,
                "min": 1.0
              },
              "function": "minecraft:set_count"
            }
          ],
          "name": "minecraft:raw_gold",
          "weight": 600.0
        },
        {
          "type": "minecraft:item",
          "functions": [
            {
              "add": false,
              "count": {
                "type": "minecraft:uniform",
                "max": 24.0,
                "min": 1.0
              },
              "function": "minecraft:set_count"
            }
          ],
          "name": "minecraft:raw_iron",
          "weight": 600.0
        },
        {
          "type": "minecraft:item",
          "functions": [
            {
              "add": false,
              "count": {
                "type": "minecraft:uniform",
                "max": 24.0,
                "min": 1.0
              },
              "function": "minecraft:set_count"
            }
          ],
          "name": "minecraft:raw_copper",
          "weight": 800.0
        },
        {
          "type": "minecraft:item",
          "functions": [
            {
              "add": false,
              "count": {
                "type": "minecraft:uniform",
                "max": 2.0,
                "min": 1.0
              },
              "function": "minecraft:set_count"
            }
          ],
          "name": "minecraft:diamond",
          "weight": 700.0
        },
        {
          "type": "minecraft:item",
          "functions": [
            {
              "add": false,
              "count": {
                "type": "minecraft:uniform",
                "max": 24.0,
                "min": 1.0
              },
              "function": "minecraft:set_count"
            }
          ],
          "name": "minecraft:oak_log",
          "weight": 40.0
        },
        {
          "type": "minecraft:item",
          "functions": [
            {
              "add": false,
              "count": {
                "type": "minecraft:uniform",
                "max": 24.0,
                "min": 1.0
              },
              "function": "minecraft:set_count"
            }
          ],
          "name": "minecraft:birch_log",
          "weight": 40.0
        },
        {
          "type": "minecraft:item",
          "functions": [
            {
              "add": false,
              "count": {
                "type": "minecraft:uniform",
                "max": 24.0,
                "min": 1.0
              },
              "function": "minecraft:set_count"
            }
          ],
          "name": "minecraft:dark_oak_log",
          "weight": 40.0
        },
        {
          "type": "minecraft:item",
          "functions": [
            {
              "add": false,
              "count": {
                "type": "minecraft:uniform",
                "max": 24.0,
                "min": 1.0
              },
              "function": "minecraft:set_count"
            }
          ],
          "name": "minecraft:jungle_log",
          "weight": 40.0
        },
        {
          "type": "minecraft:item",
          "functions": [
            {
              "add": false,
              "count": {
                "type": "minecraft:uniform",
                "max": 24.0,
                "min": 1.0
              },
              "function": "minecraft:set_count"
            }
          ],
          "name": "minecraft:spruce_log",
          "weight": 40.0
        },
        {
          "type": "minecraft:item",
          "functions": [
            {
              "add": false,
              "count": {
                "type": "minecraft:uniform",
                "max": 24.0,
                "min": 1.0
              },
              "function": "minecraft:set_count"
            }
          ],
          "name": "minecraft:acacia_log",
          "weight": 40.0
        },
        {
          "type": "minecraft:item",
          "functions": [
            {
              "add": false,
              "count": {
                "type": "minecraft:uniform",
                "max": 24.0,
                "min": 1.0
              },
              "function": "minecraft:set_count"
            }
          ],
          "name": "minecraft:mangrove_log",
          "weight": 40.0
        },
        {
          "type": "minecraft:item",
          "functions": [
            {
              "add": false,
              "count": {
                "type": "minecraft:uniform",
                "max": 24.0,
                "min": 1.0
              },
              "function": "minecraft:set_count"
            }
          ],
          "name": "minecraft:cherry_log",
          "weight": 40.0
        },
        {
          "type": "minecraft:item",
          "functions": [
            {
              "add": false,
              "count": {
                "type": "minecraft:uniform",
                "max": 24.0,
                "min": 1.0
              },
              "function": "minecraft:set_count"
            }
          ],
          "name": "minecraft:pale_oak_log",
          "weight": 40.0
        },
        {
          "type": "minecraft:item",
          "functions": [
            {
              "add": false,
              "enchantments": {
                "pentamana:capacity": 1
              },
              "function": "minecraft:set_enchantments"
            }
          ],
          "name": "minecraft:book",
          "weight": 150.0
        },
        {
          "type": "minecraft:item",
          "functions": [
            {
              "add": false,
              "enchantments": {
                "pentamana:stream": 1
              },
              "function": "minecraft:set_enchantments"
            }
          ],
          "name": "minecraft:book",
          "weight": 150.0
        },
        {
          "type": "minecraft:item",
          "functions": [
            {
              "add": false,
              "enchantments": {
                "pentamana:potency": 1
              },
              "function": "minecraft:set_enchantments"
            }
          ],
          "name": "minecraft:book",
          "weight": 150.0
        },
        {
          "type": "minecraft:item",
          "functions": [
            {
              "add": false,
              "enchantments": {
                "pentamana:utilization": 1
              },
              "function": "minecraft:set_enchantments"
            }
          ],
          "name": "minecraft:book",
          "weight": 150.0
        },
        {
          "type": "minecraft:item",
          "functions": [
            {
              "function": "minecraft:enchant_with_levels",
              "levels": 60.0,
              "options": "#minecraft:on_random_loot"
            }
          ],
          "name": "minecraft:book"
        },
        {
          "type": "minecraft:item",
          "functions": [
            {
              "function": "minecraft:set_components",
              "components": {
                "minecraft:custom_data": {
                  "id": "ancient_archive:pearl"
                },
                "minecraft:profile": {
                  "id": [963052403,591151397,-1855964815,1543651791],
                  "properties": [
                    {
                      "name":"textures",
                      "value":"eyJ0ZXh0dXJlcyI6eyJTS0lOIjp7InVybCI6Imh0dHA6Ly90ZXh0dXJlcy5taW5lY3JhZnQubmV0L3RleHR1cmUvN2QxNmFlOTUxMTIwMzk0ZjM2OGYyMjUwYjdjM2FkM2ZiMTJjZWE1NWVjMWIyZGI1YTk0ZDFmYjdmZDRiNmZhIn19fQ=="
                    }
                  ]
                },
                "minecraft:rarity": "uncommon"
              }
            },
            {
              "function": "minecraft:set_name",
              "name": {
                "text": "Pearl"
              },
              "target": "item_name"
            }
          ],
          "name": "minecraft:player_head",
          "weight": 700.0
        },
        {
          "type": "minecraft:item",
          "functions": [
            {
              "function": "minecraft:set_components",
              "components": {
                "minecraft:custom_data": {
                  "id": "ancient_archive:milky_pearl"
                },
                "minecraft:profile": {
                  "id": [-926051129,-1942863745,-1351143208,-402612754],
                  "properties": [
                    {
                      "name":"textures",
                      "value":"eyJ0ZXh0dXJlcyI6eyJTS0lOIjp7InVybCI6Imh0dHA6Ly90ZXh0dXJlcy5taW5lY3JhZnQubmV0L3RleHR1cmUvNzRhNWRiOGVhNzk3N2M3Zjk2YTY4ZGZlMWZhNDliNjZlYWZiZWNkMzgxMWE2YjZkM2QxNzdkZGE1Zjk0MjMxMyJ9fX0="
                    }
                  ]
                },
                "minecraft:rarity": "uncommon"
              }
            },
            {
              "function": "minecraft:set_name",
              "name": {
                "text": "Milky Pearl"
              },
              "target": "item_name"
            }
          ],
          "name": "minecraft:player_head",
          "weight": 150.0
        },
        {
          "type": "minecraft:item",
          "functions": [
            {
              "function": "minecraft:set_components",
              "components": {
                "minecraft:custom_data": {
                  "id": "ancient_archive:blood_pearl"
                },
                "minecraft:profile": {
                  "id": [-450820798,876234564,-1318057880,-76640272],
                  "properties": [
                    {
                      "name":"textures",
                      "value":"eyJ0ZXh0dXJlcyI6eyJTS0lOIjp7InVybCI6Imh0dHA6Ly90ZXh0dXJlcy5taW5lY3JhZnQubmV0L3RleHR1cmUvYzdiYTFhYWRkOWI2YTE1ZDQ2OGI0MGUyZTRhOWIyZjg5Y2JlN2ZlNTI5YjRjOGNhOTMwZWI0Nzk1ZGZmM2U4YiJ9fX0="
                    }
                  ]
                },
                "minecraft:rarity": "uncommon"
              }
            },
            {
              "function": "minecraft:set_name",
              "name": {
                "text": "Blood Pearl"
              },
              "target": "item_name"
            }
          ],
          "name": "minecraft:player_head",
          "weight": 150.0
        },
        {
          "type": "minecraft:item",
          "functions": [
            {
              "function": "minecraft:set_components",
              "components": {
                "minecraft:custom_data": {
                  "id": "ancient_archive:seafoam_pearl"
                },
                "minecraft:profile": {
                  "id": [-1492146645,-382383871,-1181010304,197728629],
                  "properties": [
                    {
                      "name":"textures",
                      "value":"eyJ0ZXh0dXJlcyI6eyJTS0lOIjp7InVybCI6Imh0dHA6Ly90ZXh0dXJlcy5taW5lY3JhZnQubmV0L3RleHR1cmUvYmRkMDdkYzE0MTBiMzQzODg0MTQ0NmNkY2UyYmFmYmE0ZmM2MTk5NTQ0NWZlMzA4NGY1YjA3NWY5MjZlYmNhMSJ9fX0="
                    }
                  ]
                },
                "minecraft:rarity": "uncommon"
              }
            },
            {
              "function": "minecraft:set_name",
              "name": {
                "text": "Seafoam Pearl"
              },
              "target": "item_name"
            }
          ],
          "name": "minecraft:player_head",
          "weight": 150.0
        },
        {
          "type": "minecraft:item",
          "functions": [
            {
              "function": "minecraft:set_components",
              "components": {
                "minecraft:custom_data": {
                  "id": "ancient_archive:lemon_pearl"
                },
                "minecraft:profile": {
                  "id": [336393852,-2005316063,-1194785644,-338695412],
                  "properties": [
                    {
                      "name":"textures",
                      "value":"eyJ0ZXh0dXJlcyI6eyJTS0lOIjp7InVybCI6Imh0dHA6Ly90ZXh0dXJlcy5taW5lY3JhZnQubmV0L3RleHR1cmUvMWUxOTk0MDAzNjVmMWNlOTdlNzNlNzc1NzRlMTJkNWIyNzlkOTk2MDg2Mzk5NThlY2FhMjViYzgwYmJjYTI3MSJ9fX0="
                    }
                  ]
                },
                "minecraft:rarity": "uncommon"
              }
            },
            {
              "function": "minecraft:set_name",
              "name": {
                "text": "Lemon Pearl"
              },
              "target": "item_name"
            }
          ],
          "name": "minecraft:player_head",
          "weight": 150.0
        },
        {
          "type": "minecraft:item",
          "functions": [
            {
              "function": "minecraft:set_components",
              "components": {
                "minecraft:custom_data": {
                  "id": "ancient_archive:prismatic_shard"
                },
                "minecraft:enchantment_glint_override": true,
                "minecraft:rarity": "epic"
              }
            },
            {
              "function": "minecraft:set_name",
              "name": {
                "text": "Prismatic Shard"
              },
              "target": "item_name"
            }
          ],
          "name": "minecraft:prismarine_shard",
          "weight": 1.0
        },
        {
          "type": "minecraft:item",
          "name": "minecraft:wet_sponge",
          "weight": 100.0
        },
        {
          "type": "minecraft:item",
          "name": "minecraft:nautilus_shell",
          "weight": 181.0
        },
        {
          "type": "minecraft:item",
          "name": "minecraft:leather_boots",
          "weight": 8.0
        }
      ],
      "rolls": 1.0
    },
    {
      "bonus_rolls": 0.0,
      "entries": [
        {
          "type": "minecraft:item",
          "conditions": [
            {
              "chance": 0.003,
              "condition": "minecraft:random_chance"
            }
          ],
          "functions": [
            {
              "add": false,
              "count": {
                "type": "minecraft:uniform",
                "max": 1280.0,
                "min": 640.0
              },
              "function": "minecraft:set_count"
            }
          ],
          "name": "minecraft:enchanted_golden_apple"
        }
      ],
      "rolls": 1.0
    }
  ]
}