{
  "type": "minecraft:fishing",
  "pools": [
    {
      "bonus_rolls": 0.0,
      "entries": [
        {
          "type": "minecraft:item",
          "functions": [
            {
              "add": false,
              "count": 10.0,
              "function": "minecraft:set_count"
            }
          ],
          "name": "minecraft:seagrass"
        },
        {
          "type": "minecraft:item",
          "functions": [
            {
              "add": false,
              "count": 10.0,
              "function": "minecraft:set_count"
            }
          ],
          "name": "minecraft:kelp"
        }
      ],
      "rolls": 1.0
    },
    {
      "bonus_rolls": 0.0,
      "entries": [
        {
          "type": "minecraft:item",
          "functions": [
            {
              "function": "minecraft:set_loot_table",
              "name": "minecraft:gameplay/fishing/chest_treasure",
              "type": "minecraft:chest"
            }
          ],
          "name": "minecraft:chest",
          "weight": 3.0
        },
        {
          "type": "minecraft:item",
          "functions": [
            {
              "function": "minecraft:set_loot_table",
              "name": "minecraft:gameplay/fishing/trapped_chest_treasure",
              "type": "minecraft:trapped_chest"
            }
          ],
          "name": "minecraft:trapped_chest"
        }
      ],
      "rolls": 1.0
    }
  ]
}