{
    "ingredients": [
        {
            "count": 2,
            "id": "minecraft:stick"
        },
        {
            "count": 1,
            "id": "minecraft:player_head",
            "components": {
                "minecraft:custom_data": {
                    "id": "ancient_archive:chorus_core"
                },
                "minecraft:item_name": {
                    "text": "Chorus Core"
                },
                "minecraft:profile": {
                    "id": [1039825395,-1758180798,-1378072492,537143780],
                    "properties": [
                        {
                            "name": "textures",
                            "value": "eyJ0ZXh0dXJlcyI6eyJTS0lOIjp7InVybCI6Imh0dHA6Ly90ZXh0dXJlcy5taW5lY3JhZnQubmV0L3RleHR1cmUvZTE2NWYwNzIxOGU3ZWY5MmE1ZTIxNzg4OGFkZjM3ZjkyYmYzMDAzODBiOTA4ODRjNzQ2YWNlODFmYTdjYjg2NyJ9fX0="
                        }
                    ]
                },
                "minecraft:rarity": "rare"
            }
        }
    ],
    "result": {
        "count": 1,
        "id": "minecraft:diamond_sword",
        "components": {
            "minecraft:custom_data": {
                "id": "chorus_staff:chorus_staff"
            },
            "minecraft:item_model": "minecraft:diamond_shovel",
            "minecraft:item_name": {
                "text": "Chorus Staff"
            },
            "minecraft:rarity": "rare"
        }
    }
}