{
    "ingredients": [
        {
            "count": 1,
            "id": "minecraft:obsidian"
        },
        {
            "count": 1,
            "id": "minecraft:lava_bucket"
        },
        {
            "count": 1,
            "id": "minecraft:water_bucket"
        }
    ],
    "result": {
        "count": 1,
        "id": "minecraft:player_head",
        "components": {
            "minecraft:custom_data": {
                "id": "ancient_archive:obsidian_ovoid"
            },
            "minecraft:item_name": {
                "text": "Obsidian Ovoid"
            },
            "minecraft:profile": {
                "id": [148286236,227494900,-1254922066,-730993526],
                "properties": [
                    {
                        "name": "textures",
                        "value": "eyJ0ZXh0dXJlcyI6eyJTS0lOIjp7InVybCI6Imh0dHA6Ly90ZXh0dXJlcy5taW5lY3JhZnQubmV0L3RleHR1cmUvNDE5MjZiZmE5Y2FmOGJjYTkwNjkyNzgwOTc4YjVjNzRkNzEzZTg2NWY1YmRkMzc5MjA5N2IxODc5OTk3ZTU1NyJ9fX0="
                    }
                ]
            },
            "minecraft:rarity": "common"
        }
    }
}