{
    "ingredients": [
        {
            "count": 9,
            "id": "minecraft:stick",
            "components": {
                "minecraft:custom_data": {
                  "id": "ancient_archive:silver_nugget"
                },
                "minecraft:item_model": "minecraft:iron_nugget",
                "minecraft:item_name": {
                    "text": "Silver Nugget"
                },
                "minecraft:rarity": "common"
            }
        }
    ],
    "result": {
        "count": 1,
        "id": "minecraft:stick",
        "components": {
            "minecraft:custom_data": {
                "id": "ancient_archive:silver_ingot"
            },
            "minecraft:item_model": "minecraft:iron_ingot",
            "minecraft:item_name": {
                "text": "Silver Ingot"
            },
            "minecraft:rarity": "common"
        }
    }
}