{
  "type": "minecraft:entity",
  "pools": [
    {
      "bonus_rolls": 0.0,
      "entries": [
        {
          "type": "minecraft:item",
          "name": "minecraft:sculk_catalyst"
        }
      ],
      "rolls": 1.0
    },
    {
      "bonus_rolls": 0.0,
      "entries": [
        {
          "type": "minecraft:item",
          "functions": [
            {
              "count": {
                "type": "minecraft:uniform",
                "max": 1.0,
                "min": 0.0
              },
              "enchantment": "minecraft:looting",
              "function": "minecraft:enchanted_count_increase"
            },
            {
              "function": "minecraft:set_components",
              "components": {
                "minecraft:custom_data": {
                  "id": "ancient_archive:sculk_fragment"
                },
                "minecraft:profile": {
                  "id": [-231413206,-1678950370,-1625687618,1705749771],
                  "properties": [
                    {
                      "name":"textures",
                      "value":"eyJ0ZXh0dXJlcyI6eyJTS0lOIjp7InVybCI6Imh0dHA6Ly90ZXh0dXJlcy5taW5lY3JhZnQubmV0L3RleHR1cmUvNmY4YjJlOTRkYjU4YWYxYjE1YTkzODMxYjAwZjcwYzIwYzlhNzQwYzk3OTY3ZjAzN2MxODlmZjAwYjhkMjQyOSJ9fX0="
                    }
                  ]
                },
                "minecraft:rarity": "common"
              }
            },
            {
              "add": false,
              "count": {
                "type": "minecraft:uniform",
                "max": 2.0,
                "min": 0.0
              },
              "function": "minecraft:set_count"
            },
            {
              "function": "minecraft:set_name",
              "name": {
                "text": "Sculk Fragment"
              },
              "target": "item_name"
            }
          ],
          "name": "minecraft:player_head"
        }
      ],
      "rolls": 1.0
    }
  ],
  "random_sequence": "minecraft:entities/warden"
}