{
  "type": "minecraft:entity",
  "pools": [
    {
      "bonus_rolls": 0.0,
      "entries": [
        {
          "type": "minecraft:item",
          "conditions": [
            {
              "condition": "minecraft:random_chance_with_enchanted_bonus",
              "enchanted_chance": {
                "type": "minecraft:linear",
                "base": 0.03,
                "per_level_above_first": 0.01
              },
              "enchantment": "minecraft:looting",
              "unenchanted_chance": 0.25
            }
          ],
          "functions": [
            {
              "function": "minecraft:set_components",
              "components": {
                "minecraft:custom_data": {
                  "id": "ancient_archive:bat_wing"
                },
                "minecraft:item_model": "minecraft:black_dye",
                "minecraft:rarity": "common"
              }
            },
            {
              "function": "minecraft:set_name",
              "name": {
                "text": "Bat Wing"
              },
              "target": "item_name"
            }
          ],
          "name": "minecraft:spider_eye"
        }
      ],
      "rolls": 1.0
    }
  ],
  "random_sequence": "minecraft:entities/bat"
}