{
  "type": "minecraft:entity",
  "pools": [
    {
      "bonus_rolls": 0.0,
      "entries": [
        {
          "type": "minecraft:item",
          "functions": [
            {
              "function": "minecraft:set_components",
              "components": {
                "minecraft:custom_data": {
                  "id": "ancient_archive:red_gemstone"
                },
                "minecraft:profile": {
                  "id": [-1312110985,-1917761512,-1609324763,-1377349956],
                  "properties": [
                    {
                      "name":"textures",
                      "value":"eyJ0ZXh0dXJlcyI6eyJTS0lOIjp7InVybCI6Imh0dHA6Ly90ZXh0dXJlcy5taW5lY3JhZnQubmV0L3RleHR1cmUvMzliNmUwNDdkM2IyYmNhODVlOGNjNDllNTQ4MGY5Nzc0ZDhhMGVhZmU2ZGZhOTU1OTUzMDU5MDI4MzcxNTE0MiJ9fX0="
                    }
                  ]
                },
                "minecraft:rarity": "uncommon"
              }
            },
            {
              "add": false,
              "count": 2.0,
              "function": "minecraft:set_count"
            },
            {
              "function": "minecraft:set_name",
              "name": {
                "text": "Red Gemstone"
              },
              "target": "item_name"
            }
          ],
          "name": "minecraft:player_head"
        }
      ],
      "rolls": 1.0
    },
    {
      "bonus_rolls": 0.0,
      "entries": [
        {
          "type": "minecraft:item",
          "functions": [
            {
              "function": "minecraft:set_components",
              "components": {
                "minecraft:custom_data": {
                  "id": "ancient_archive:blue_gemstone"
                },
                "minecraft:profile": {
                  "id": [714881365,-2094249368,-1472760808,2095122542],
                  "properties": [
                    {
                      "name":"textures",
                      "value":"eyJ0ZXh0dXJlcyI6eyJTS0lOIjp7InVybCI6Imh0dHA6Ly90ZXh0dXJlcy5taW5lY3JhZnQubmV0L3RleHR1cmUvOGU5M2ViYWNiNjBiNzE3OTMzNTVmZGUwZDRiYmE0M2E5YzVlYzA5YzNmMzg4OTdjNDhjMWY4NTc1MjNhMGEyOSJ9fX0="
                    }
                  ]
                },
                "minecraft:rarity": "uncommon"
              }
            },
            {
              "add": false,
              "count": 2.0,
              "function": "minecraft:set_count"
            },
            {
              "function": "minecraft:set_name",
              "name": {
                "text": "Blue Gemstone"
              },
              "target": "item_name"
            }
          ],
          "name": "minecraft:player_head"
        }
      ],
      "rolls": 1.0
    },
    {
      "bonus_rolls": 0.0,
      "entries": [
        {
          "type": "minecraft:item",
          "functions": [
            {
              "function": "minecraft:set_components",
              "components": {
                "minecraft:custom_data": {
                  "id": "ancient_archive:purple_gemstone"
                },
                "minecraft:profile": {
                  "id": [1022579689,-941801424,-2115618951,637737238],
                  "properties": [
                    {
                      "name":"textures",
                      "value":"eyJ0ZXh0dXJlcyI6eyJTS0lOIjp7InVybCI6Imh0dHA6Ly90ZXh0dXJlcy5taW5lY3JhZnQubmV0L3RleHR1cmUvZDg4NmUwZjQxMTg1YjE4YTNhZmQ4OTQ4OGQyZWU0Y2FhMDczNTAwOTI0N2NjY2YwMzljZWQ2YWVkNzUyZmYxYSJ9fX0="
                    }
                  ]
                },
                "minecraft:rarity": "uncommon"
              }
            },
            {
              "add": false,
              "count": {
                "type": "minecraft:uniform",
                "max": 2.0,
                "min": 1.0
              },
              "function": "minecraft:set_count"
            },
            {
              "function": "minecraft:set_name",
              "name": {
                "text": "Purple Gemstone"
              },
              "target": "item_name"
            }
          ],
          "name": "minecraft:player_head"
        }
      ],
      "rolls": 1.0
    },
    {
      "bonus_rolls": 0.0,
      "entries": [
        {
          "type": "minecraft:item",
          "functions": [
            {
              "function": "minecraft:set_components",
              "components": {
                "minecraft:custom_data": {
                  "id": "ancient_archive:orange_gemstone"
                },
                "minecraft:profile": {
                  "id": [-1753847203,373116306,-1604641070,529663040],
                  "properties": [
                    {
                      "name":"textures",
                      "value":"eyJ0ZXh0dXJlcyI6eyJTS0lOIjp7InVybCI6Imh0dHA6Ly90ZXh0dXJlcy5taW5lY3JhZnQubmV0L3RleHR1cmUvMzdhZTIzNmNkZWMzZjJhNmY1MWVhZTE1ZTJjOGY2MjI4YjM0ZjEzN2RhMTU2OWZlYzllODAzZjljZDgxNzU5ZCJ9fX0="
                    }
                  ]
                },
                "minecraft:rarity": "uncommon"
              }
            },
            {
              "add": false,
              "count": {
                "type": "minecraft:uniform",
                "max": 2.0,
                "min": 1.0
              },
              "function": "minecraft:set_count"
            },
            {
              "function": "minecraft:set_name",
              "name": {
                "text": "Orange Gemstone"
              },
              "target": "item_name"
            }
          ],
          "name": "minecraft:player_head"
        }
      ],
      "rolls": 1.0
    },
    {
      "bonus_rolls": 0.0,
      "entries": [
        {
          "type": "minecraft:item",
          "functions": [
            {
              "function": "minecraft:set_components",
              "components": {
                "minecraft:custom_data": {
                  "id": "ancient_archive:yellow_gemstone"
                },
                "minecraft:profile": {
                  "id": [1746237920,439173754,-1915820812,1718909563],
                  "properties": [
                    {
                      "name":"textures",
                      "value":"eyJ0ZXh0dXJlcyI6eyJTS0lOIjp7InVybCI6Imh0dHA6Ly90ZXh0dXJlcy5taW5lY3JhZnQubmV0L3RleHR1cmUvM2RhNmVjZGNiYzNmZTM1NWNhMDYxMTE5MmEzZmJkMzVkZDU2MzVkNWZjZGYzZmJjNzllZDJiYzFmNGEwMTdmZSJ9fX0="
                    }
                  ]
                },
                "minecraft:rarity": "uncommon"
              }
            },
            {
              "add": false,
              "count": {
                "type": "minecraft:uniform",
                "max": 2.0,
                "min": 1.0
              },
              "function": "minecraft:set_count"
            },
            {
              "function": "minecraft:set_name",
              "name": {
                "text": "Yellow Gemstone"
              },
              "target": "item_name"
            }
          ],
          "name": "minecraft:player_head"
        }
      ],
      "rolls": 1.0
    },
    {
      "bonus_rolls": 0.0,
      "entries": [
        {
          "type": "minecraft:item",
          "functions": [
            {
              "function": "minecraft:set_components",
              "components": {
                "minecraft:custom_data": {
                  "id": "ancient_archive:green_gemstone"
                },
                "minecraft:profile": {
                  "id": [1954551195,-1246609069,-2014217682,-1589872274],
                  "properties": [
                    {
                      "name":"textures",
                      "value":"eyJ0ZXh0dXJlcyI6eyJTS0lOIjp7InVybCI6Imh0dHA6Ly90ZXh0dXJlcy5taW5lY3JhZnQubmV0L3RleHR1cmUvNWEyNTg4ODMxY2Q0YjI4MmFhYTE2MzU2Yjc4N2Q1NmU0ZWIxM2YwZDYyZjQxNGRhZmQxMzE4ZWEwOWY4MDE5YyJ9fX0="
                    }
                  ]
                },
                "minecraft:rarity": "uncommon"
              }
            },
            {
              "add": false,
              "count": {
                "type": "minecraft:uniform",
                "max": 2.0,
                "min": 1.0
              },
              "function": "minecraft:set_count"
            },
            {
              "function": "minecraft:set_name",
              "name": {
                "text": "Green Gemstone"
              },
              "target": "item_name"
            }
          ],
          "name": "minecraft:player_head"
        }
      ],
      "rolls": 1.0
    }
  ],
  "random_sequence": "minecraft:entities/ender_dragon"
}